{
  "minecraft:recipes/decorations/crafting_table": {
    "criteria": {
      "unlock_right_away": "2024-05-14 20:32:01 +0000"
    },
    "done": true
  },
  "minecraft:adventure/adventuring_time": {
    "criteria": {
      "minecraft:frozen_river": "2024-05-14 20:33:05 +0000",
      "minecraft:grove": "2024-05-14 20:33:02 +0000",
      "minecraft:stony_shore": "2024-05-14 20:33:54 +0000",
      "minecraft:snowy_plains": "2024-05-14 20:33:08 +0000",
      "minecraft:snowy_taiga": "2024-05-14 20:32:02 +0000"
    },
    "done": false
  },
  "DataVersion": 3700
}